시도별,품목별,2002,2003,2004,2005,2006,2007,2008,2009,2010,2011,2012,2013,2014,2015,2016,2017,2018,2019,2020,2021
전국,총지수,67.534,69.908,72.418,74.413,76.081,78.01,81.656,83.906,86.373,89.85,91.815,93.01,94.196,94.861,95.783,97.645,99.086,99.466,100,102.5
전국,농축수산물,53.682,56.856,61.935,63.098,63.025,64.229,64.545,68.704,75.606,82.529,85.137,84.587,82.316,83.947,87.169,91.957,95.328,93.733,100,108.73
전국,(농산물)곡물,72.438,74.091,77.247,74.886,70.374,71.422,76.29,76.103,71.198,80.032,85.107,90.52,87.789,85.351,78.3,75.708,92.281,101.166,100,109.15
전국,쌀,73.228,74.735,76.217,74.191,69.832,71.446,75.168,75.353,68.818,76.467,83.846,88.444,86.885,84.913,76.155,72.025,91.531,99.209,100,109.4
전국,찹쌀,66.228,69.756,95.709,78.724,72.958,72.164,91.876,85.448,94.841,94.272,84.235,90.39,86.504,86.732,82.972,77.484,90.147,104.652,100,107
전국,보리쌀,59.425,60.897,62.411,61.665,61.711,63.098,65.323,65.816,64.773,67.984,82.378,99.556,108.228,104.507,105.427,107.395,111.139,109.306,100,99.76
전국,콩,40.544,43.058,64.846,67.161,61.212,55.684,62.511,62.65,66.825,96.008,89.114,92.156,80.989,76.602,70.25,90.166,104.443,114.33,100,116.67
전국,땅콩,37.968,39.531,52.588,52.281,52.412,58.42,62.532,76.451,73.462,71.987,96.23,94.098,87.206,88.8,89.31,88.016,87.997,94.228,100,105.15
전국,(농산물)채소,47.966,59.768,56.794,55.276,61.812,61.563,58.233,61.876,83.655,81.313,84.575,85.254,70.968,77.944,91.143,90.256,94.907,86.829,100,104.25
전국,배추,46.312,63.327,48.103,49.997,63.733,57.608,44.818,50.942,92.114,75.25,74.735,89.365,50.129,56.674,96.128,78.512,79.994,70.588,100,81.85
전국,상추,43.654,50.377,47.393,53.785,55.945,62.892,48.497,56.945,78.181,64.368,77.424,74.237,63.422,72.802,85.313,87.048,96.018,91.919,100,114.68
전국,시금치,39.322,43.757,43.389,46.479,50.368,52.114,47.745,49.79,82.051,66.066,76.917,78.671,59.429,71.699,92.084,85.206,101.21,89.671,100,116.29
전국,양배추,26.541,45.79,51.597,38.687,40.525,41.705,43.169,41.173,67.566,60.555,66.226,65.756,37.204,48.625,64.897,77.076,79.115,64.585,100,77.03
전국,미나리,32.73,35.667,40.169,39.457,43.81,44.29,46.306,51.471,67.091,65.213,72.998,67.402,68.626,74.686,85.58,86.722,97.036,93.152,100,112.41
전국,깻잎,39.836,41.96,42.936,46.759,55.039,56.796,55.92,58.324,66.262,68.918,74.098,71.751,74.694,74.886,83.293,81.938,92.681,86.715,100,104.5
전국,부추,42.805,65.122,58.796,52.81,60.066,55.74,57.293,60.942,84.528,84.683,82.102,70.07,65.742,75.669,86.374,77.575,82.418,81.31,100,102.31
전국,무,55.168,69.814,65.482,58.779,62.223,62.218,51.78,50.286,99.703,81.8,70.701,67.939,50.341,59.047,87.65,91.905,107.307,80.396,100,78.5
전국,열무,49.168,61.121,67.366,65.807,69.596,74.499,68.006,70.715,112.347,108.537,83.089,74.06,63.359,66.994,84.173,76.396,78.982,86.747,100,102.1
전국,당근,40.153,49.253,49.268,49.948,58.281,49.894,54.293,58.252,65.849,82.358,69.153,104.752,69.477,60.115,73.724,89.621,88.134,81.632,100,75.85
전국,감자,45.382,64.537,77.253,53.94,54.699,63.349,71.001,67.355,83.461,90.869,92.553,74.268,72.968,86.1,83.581,105.264,127.743,96.922,100,105.17
전국,고구마,44.014,48.699,54.578,44.148,51.013,55.3,52.676,54.718,60.164,76.964,85.684,69.192,67.193,74.252,71.284,76.03,94.959,86.431,100,108.4
전국,도라지,52.288,58.384,60.836,61.919,61.914,62.321,63.364,67.248,75.571,86.006,88.896,92.766,93.705,90.094,89.62,90.56,92.44,96.938,100,105.87
전국,콩나물,54.424,57.681,62.67,64.083,65.483,66.225,73.326,73.865,74.822,81.68,83.937,89.092,90.195,90.49,90.95,98.312,99.539,99.955,100,103.98
전국,버섯,88.725,93.599,96.002,97.725,99.907,97.025,101.787,104.93,103.677,107.228,110.83,111.224,115.892,113.868,110.377,107.949,106.083,104.523,100,109.27
전국,오이,43.977,46.869,44.436,50.678,54.825,58.753,53.596,61.291,76.948,73.209,82.199,83.792,77.9,83.853,89.796,87.824,94.045,97.224,100,113.09
전국,풋고추,51.734,51.825,52.134,54.37,67.519,64.28,64.302,68.426,80.789,73.7,87.383,80.543,85.526,82.138,88.556,87.911,87.69,86.326,100,99.47
전국,호박,64.582,71.758,66.143,69.275,69.951,77.675,67.047,72.173,91.659,86.992,86.084,80.424,77.266,77.629,85.703,81.69,93.796,79.903,100,103.76
전국,가지,51.625,59.891,60.211,59.058,62.497,67.413,65.499,65.229,83.492,93.897,92.944,86.166,80.234,81.571,86.886,90.233,95.224,90.314,100,103.97
전국,토마토,50.523,59.646,59.921,57.473,60.035,60.715,57.004,58.503,83.279,83.474,88.992,83.065,75.01,71.371,80.391,84.12,85.254,84.459,100,94.43
전국,파,42.455,72.103,55.177,54.246,72.335,60.474,60.745,63.566,106.688,85.297,92.95,89.548,61.666,86.664,104.218,98.442,99.37,82.514,100,138.38
전국,양파,39.07,71.957,58.752,55.173,65.321,59.592,62.502,72.765,74.951,71.141,76.058,110.109,64.962,87.01,93.144,100.359,80.856,68.748,100,103.56
전국,마늘,49.718,51.211,60.793,57.63,58.303,65.743,62.116,60.526,92.053,110.371,101.556,94.223,81.346,100.26,132.496,124.046,119.034,102.269,100,129.47
전국,고사리,58.315,61.476,65.807,68.436,68.231,69.201,70.832,77.1,82.781,88.176,92.72,94.554,98.747,98.572,96.223,96.336,97.571,97.716,100,109.62
전국,생강,37.19,29.254,42.36,48.053,34.083,37.374,33.482,58.112,62.256,50.78,58.339,65.621,66.622,79.22,60.343,46.296,76.855,124.213,100,78.26
전국,(농산물)과실,60.95,58.131,72.236,77.861,71.963,80.359,69.549,72.995,82.059,93.808,103.096,99.018,91.509,87.045,85.621,98.134,100.758,96.384,100,111.25
전국,사과,63.166,50.948,73.744,92.689,75.85,83.335,72.513,71.486,80.268,96.462,106.736,108.432,96.971,96.563,83.596,89.034,94.143,92.835,100,118.45
전국,배,62.15,63.254,81.719,72.682,63.268,76.068,58.234,58.107,74.506,89.629,100.161,117.522,87.401,81.382,87.084,80.921,79.64,101.995,100,134.34
전국,복숭아,66.39,70.241,80.375,87.858,90.238,95.181,89.96,83.801,95.166,121.067,119.856,124.335,116.626,98.89,99.801,101.136,100.395,99.781,100,123.45
전국,포도,67.74,75.396,91.033,99.055,85.522,90.361,92.895,86.579,96.495,105.492,111.468,111.848,91.085,79.165,78.584,90.048,95.093,92.485,100,112.69
전국,밤,76.476,91.926,106.518,67.642,62.602,66.374,60.703,64.671,63.177,73.168,101.687,106.39,79.336,80.374,95.06,97.254,87.167,84.822,100,108.76
전국,감,60.835,57.92,69.538,85.92,65.732,86.664,68.832,76.233,75.941,88.421,99.013,86.669,85.905,73.434,71.879,84.497,96.648,95.649,100,119.44
전국,귤,60.963,45.994,61.594,77.164,60.969,78.9,48.917,67.485,65.108,76.971,98.345,78.079,81.597,72.294,77.997,138.988,116.258,106.146,100,104.02
전국,오렌지,98.235,88.163,89.016,86.298,86.794,93.935,90.455,116.062,110.988,105.114,102.102,90.873,106.562,105.858,98.154,108.372,103.655,87.377,100,100.08
전국,참외,81.343,92.593,95.266,90.025,98.413,106.47,105.262,106.304,127.727,141.31,133.602,107.442,95.96,99.82,92.33,93.335,104.852,95.711,100,112.19
전국,수박,54.592,59.145,77.39,72.507,81.552,81.274,73.728,67.812,91.449,114.335,119.505,121.156,98.673,87.358,92.302,105.449,118.786,108.397,100,121.29
전국,딸기,71.528,71.042,73.913,77.907,85.173,95.945,86.432,88.705,105.132,106.297,121.081,95.092,99.106,108.354,99.232,98.311,109.79,88.521,100,100.21
전국,바나나,60.31,58.146,56.544,56.768,57.142,56.045,61.343,76.374,69.393,67.734,68.304,84.763,86.443,89.1,100.259,96.931,94.971,96.253,100,101.41
전국,(농산물)기타농산물,37.567,41.318,47.266,46.137,46.599,48.544,47.472,50.878,57.457,76.795,98.614,84.833,78.018,80.853,80.016,83.467,101.602,100.937,100,112.99
전국,고춧가루,34.344,36.568,43.316,41.695,42.383,45.305,44.138,47.897,50.492,76.056,105.196,83.462,71.224,75.272,72.291,77.92,103.606,101.664,100,119.07
전국,참깨,50.585,56.599,69.961,65.808,67.3,67.701,73.974,84.432,84.443,87.624,89.967,91.086,90.912,92.5,92.232,92.738,96.353,99.331,100,101.39
전국,인삼,63.518,78.355,79.11,80.597,81.215,71.611,67.474,67.575,67.307,84.128,96.742,98.045,105.107,103.45,101.181,100.353,103.943,102.831,100,96.06
전국,화초,43.362,45.295,46.484,48.754,52.727,55.286,55.668,58.654,66.176,66.959,71.872,72.673,77.807,78.117,85.829,86.379,97.33,98.361,100,108.52
전국,축산물,49.144,52.422,60.28,63.566,64.35,62.506,68.719,74.827,75.624,83.428,77.219,76.532,83.792,86.86,90.68,96.57,93.22,93.184,100,112.65
전국,국산쇠고기,49.384,54.798,57.891,58.75,63.68,62.466,62.378,68.908,76.147,68.773,67.256,67.928,72.11,77.402,88.699,88.026,90.2,92.363,100,108.9
전국,수입쇠고기,51.78,57.893,64.874,69.912,69.306,65.665,67.535,67.692,69.23,77.297,76.783,77.755,86.064,89.144,91.109,93.443,94.943,98.312,100,108.13
전국,돼지고기,46.325,47.554,59.863,63.445,64.296,61.388,71.93,78.121,73.382,93.981,81.23,75.94,88.027,91.251,91.841,97.522,93.981,90.311,100,111.11
전국,닭고기,59.951,55.436,72.109,76.366,71.452,68.811,83.818,100.372,102.485,107.404,104.149,109.5,105.992,103.743,100.29,105.26,102.857,104.25,100,107.67
전국,달걀,48.5,48.493,61.555,68.949,60.18,61.921,75.471,80.774,77.218,91.348,86.193,92.254,99.785,97.172,88.886,127.685,91.82,92.068,100,141.29
전국,꿀,54.663,56.108,59.935,78.268,73.631,72.183,75.144,76.761,77.192,83.348,84.217,85.512,84.704,84.89,86.797,95.549,97.644,100.178,100,102.01
전국,수산물,50.488,51.668,53.184,53.919,54.319,54.404,57.338,64.068,71.282,77.358,79.304,80.373,81.974,82.8,85.167,90.931,93.811,93.942,100,101.44
전국,갈치,54.744,53.931,52.124,51.914,50.95,53.368,55.336,65.083,75.6,83.639,95.798,95.775,94.751,100.292,109.479,106.975,95.558,93.438,100,101.29
전국,명태,64.066,78.235,70.457,66.194,63.282,62.703,61.402,84.18,94.604,88.107,75.58,74.912,78.66,83.015,85.523,87.992,88.276,90.259,100,96.56
전국,조기,60.599,61.257,62.414,62.001,61.247,64.212,78.235,85.494,88.018,96.27,100.789,104.957,105.781,105.029,105.056,102.88,102.259,100.142,100,99.16
전국,고등어,56.655,54.728,68.055,56.727,62.782,61.53,66.913,75.412,81.216,102.258,91.538,89.607,93.913,94.027,90.773,90.629,91.643,88.669,100,104.97
전국,오징어,24.354,25.298,29.867,32.807,31.296,26.572,25.721,29.77,39.886,51.478,49.205,46.25,46.489,46.976,48.693,72.975,88.207,89.561,100,100.12
전국,굴,49.347,47.059,53.355,55.634,58.671,57.572,58.43,73.087,74.338,79.181,81.515,78.392,83.649,87.93,94.054,94.199,91.657,93.348,100,108.8
전국,조개,46.275,50.51,50.261,50.631,50.863,51.129,51.618,54.513,62.623,63.181,73.243,80.265,81.146,81.589,87.007,91.469,93.267,93.937,100,110.23
전국,마른멸치,61.618,55.248,54.296,68.131,69.301,68.988,68.943,72.31,83.465,84.919,83.987,91.042,94.311,91.373,89.498,93.516,94.385,97.564,100,98.67
전국,마른오징어,23.147,23.857,24.765,28.153,30.495,28.263,26.503,27.841,33.982,46.739,49.588,49.132,47.564,47.11,47.494,64.617,84.163,96.548,100,99.49
전국,김,44.664,45.095,45.345,46.456,47.149,47.873,50.68,52.147,53.986,56.757,59.893,64.087,68.009,68.728,73.957,88.658,95.721,97.472,100,98.93
전국,미역,40.154,40.444,40.704,41.537,43.701,45.778,52.477,58.106,58.504,63.756,81.043,89.631,91.908,93.724,94.066,94.833,97.913,98.442,100,104.88
전국,공업제품,69.126,70.756,72.606,75.297,76.815,78.265,84.394,86.515,89.243,93.639,96.279,97.143,98.418,98.202,97.723,99.128,100.385,100.224,100,102.29
전국,가공식품,54.854,56.409,59.291,62.324,63.196,65.014,71.89,77.83,78.806,83.291,87.159,89.751,93.042,94.264,94.719,95.422,96.683,98.64,100,102.08
전국,밀가루,46.08,52.109,57.473,60.638,62.316,67.962,108.732,99.357,84.945,89.419,90.112,98.983,101.473,100.573,99.484,98.352,99.398,101.074,100,100.67
전국,국수,50.049,54.821,59.173,61.702,62.005,68.737,98.058,99.621,97.869,104.737,107.413,108.723,107.904,104.391,103.271,99.878,99.155,97.409,100,111.11
전국,라면,59.43,63.239,67.157,72.214,72.22,76.8,87.68,89.894,88.618,88.315,94.881,95.367,95.444,95.443,94.842,99.998,100.321,100.204,100,103.14
전국,당면,52.691,52.579,53.338,54.036,55.63,60.994,71.622,75.977,76.74,91.412,94.081,94.559,95.202,95.289,95.601,95.77,97.492,99.55,100,102.34
전국,두부,52.828,52.927,57.229,58.647,58.652,61.221,71.11,73.988,74.984,89.406,90.768,96.588,97.112,96.972,98.547,96.154,96.077,97.823,100,106.1
전국,시리얼,67.276,67.838,71.165,78.416,82.703,87.232,92.924,101.224,102.653,108.804,111.125,105.419,101.663,106.189,105.521,100.59,98.464,99.66,100,100.08
전국,부침가루,40.659,44.072,46.961,49.093,48.463,52.628,86.405,92.75,86.59,95.747,100.823,99.233,100.444,100.697,97.485,99.966,98.643,98.395,100,104.61
전국,케이크,61.756,61.922,63.685,65.718,67.021,67.021,68.768,71.917,71.954,75.378,77.07,77.294,81.854,83.428,87.041,92.774,95.564,98.285,100,102.37
전국,빵,51.828,51.844,52.222,52.65,52.79,53.325,60.429,64.215,65.23,69.442,72.246,77.474,82.16,83.079,86.219,87.894,93.488,98.061,100,105.51
전국,떡,61.745,62.108,67.009,67.817,68.302,68.924,73.705,76.87,78.198,81.75,83.81,85.572,86.886,87.481,87.837,88.335,91.264,98.242,100,105.12
전국,소시지,52.854,58.374,61.481,66.926,66.234,66.413,69.797,80.029,80.108,88.532,89.974,85.874,91.944,98.378,98.606,96.604,95.639,95.239,100,101.61
전국,오징어채,32.566,33.757,35.703,38.018,37.948,37.533,38.632,41.357,49.123,69.22,71.602,69.504,70.856,70.1,73.179,83.087,98.43,100.279,100,97.54
전국,북어채,44.585,45.937,46.529,47.569,49.063,50.229,53.75,73.042,83.996,84.144,82.042,82.263,86.428,87.045,88.267,90.989,90.916,96.22,100,100.48
전국,어묵,51.26,52.184,52.274,52.275,52.815,52.71,63.587,70.931,70.491,71.342,78.586,83.264,84.037,84.482,83.514,81.986,88.982,97.103,100,102.15
전국,맛살,67.385,69.431,71.172,71.609,72.803,72.91,83.496,91.057,90.6,91.582,93.778,94.672,94.639,93.738,95.276,95.372,95.565,99.158,100,100.93
전국,수산물통조림,44.353,44.678,48.064,51.584,53.828,56.325,64.579,74.74,75.613,78.84,85.586,90.615,91.317,90.715,89.828,92.62,96.663,97.178,100,102.16
전국,젓갈,52.089,53.166,54.229,55.287,55.711,56.098,57.457,60.525,62.711,67.28,70.977,70.753,72.825,74.855,84.397,87.864,91.764,96.763,100,101.26
전국,우유,41.881,42.5,47.929,55.447,57.438,57.447,65.469,77.981,77.041,78.357,84.991,88.186,94.75,94.767,94.335,93.659,95.141,99.536,100,101.44
전국,분유,86.435,86.261,86.906,87.839,88.93,89.142,88.71,92.29,93.755,93.731,101.302,101.65,108.888,113.086,106.202,102.382,97.99,97.751,100,100.9
전국,치즈,60.347,60.499,64.774,71.024,71.183,73.758,90.003,100.721,100.827,101.239,101.038,98.997,98.335,99.107,98.788,99.859,100.186,99.658,100,99.55
전국,발효유,59.88,59.953,65.112,68.794,68.794,71.661,77.795,80.971,80.971,81.673,86.281,88.481,91.995,93.158,94.806,94.118,97.007,98.1,100,100.87
전국,참기름,50.293,50.332,68.417,65.947,59.528,61.089,71.35,80.736,79.709,80.765,80.634,82.716,85.19,84.787,86.47,84.35,87.073,91.153,100,104.22
전국,식용유,53.167,58.012,71.588,72.924,74.74,80.949,90.324,104.413,103.363,107.937,109.042,111.872,114.238,112.559,111.302,107.725,103.784,101.754,100,109.68
전국,과일가공품,63.741,62.464,65.132,69.484,69.663,69.675,68.835,69.431,67.735,75.101,91.764,92.606,93.113,92.085,95.328,96.206,96.175,98.092,100,103.09
전국,단무지,67.491,68.618,73.257,74.214,74.882,75.445,82.545,83.757,85.635,93.101,95.121,98.202,102.638,100.817,94.561,93.296,96.541,99.891,100,100.24
전국,맛김,47.695,48.279,49.618,51.126,53.103,60.725,65.428,71.077,73.393,79.613,85.729,87.347,88.39,90.187,92.836,100.452,103.195,101.726,100,99.56
전국,초콜릿,53.034,52.824,52.163,51.827,51.43,54.255,66.974,75.901,78.028,78.23,78.405,78.841,92.026,96.244,96.382,95.648,96.102,98.616,100,99.6
전국,사탕,52.519,53.595,57.092,59.307,60.488,61.935,68.884,76.677,76.3,85.755,92.87,100.535,103.635,101.58,100.025,99.007,98.896,98.595,100,98.07
전국,껌,79.56,79.532,79.315,79.389,79.627,83.285,93.341,101.623,104.97,105.451,107.803,107.761,106.577,106.142,105.089,103.174,101.438,99.399,100,99.34
전국,아이스크림,62.227,60.665,59.647,61.473,62.293,61.073,69.864,77.055,77.469,84.661,88.062,89.42,96.282,100.124,99.96,97.181,96.387,98.266,100,98.68
전국,비스킷,36.454,38.89,40.425,42.022,44.133,47.848,63.372,72.042,72.088,80.451,82.458,87.849,99.275,100.077,100.565,103.519,101.002,101.027,100,104.26
전국,스낵과자,47.816,47.836,48.78,54.341,54.731,59.902,70.578,74.87,73.448,78.658,83.127,86.097,91.589,92.114,91.45,94.874,96.02,99.348,100,101.81
전국,파이,55.581,57.461,57.108,57.046,58.372,65.44,77.5,80.827,81.005,81.221,83.908,95.138,109.704,111.888,99.511,97.149,98.329,98.912,100,98.57
전국,설탕,55.898,54.368,54.287,54.652,64.412,64.953,65.3,76.485,80.821,99.14,102.615,99.292,98.921,98.533,97.999,98.344,98.902,99.683,100,101.85
전국,물엿,45.377,45.343,47.905,49.305,49.666,52.973,65.071,72.958,73.484,86.03,95.213,97.997,100.326,99.185,99.407,100.698,98.645,99.343,100,104.9
전국,소금,42.683,43.165,50.069,50.689,50.82,51.052,53.776,58.958,59.851,76.971,95.782,95.343,96.03,97.579,97.557,97.559,97.174,97.841,100,113.65
전국,간장,33.736,37.628,41.174,41.658,41.605,47.014,58.595,62.493,64.412,74.035,83.96,89.128,90.977,90.906,91.474,96.288,98.511,99.255,100,100.93
전국,된장,46.655,51.462,57.173,59.189,59.376,61.112,71.616,81.359,82.913,91.701,97.498,102.472,103.988,104.87,105.82,103.291,105.061,104.768,100,104.16
전국,양념소스,58.821,60.972,64.724,66.603,70.6,69.767,73.248,85.167,85.96,93.102,100.494,99.05,103.207,102.857,102.525,100.816,100.444,99.557,100,100.87
전국,고추장,39.69,44.142,48.126,48.797,48.87,52.851,57.136,62.389,66.81,80.783,93.756,98.169,100.335,101.073,100.716,101.415,102.277,107.91,100,98.5
전국,카레,49.526,51.549,51.685,52.74,53.1,58.204,64.741,73.963,81.611,93.057,98.465,97.787,96.796,95.052,97.289,98.137,101.009,100.889,100,101.24
전국,드레싱,48.823,52.016,58.352,60.486,61.59,66.075,75.288,82.329,82.012,93.288,94.745,95.368,96.301,94.959,96.758,98.451,99.358,99.582,100,107.94
전국,혼합조미료,35.423,36.192,37.735,38.591,40.302,41.312,44.567,53.614,55.513,57.164,62.702,66.919,70.823,82.521,84.419,88.421,91.106,96.967,100,100.11
전국,이유식,68.702,79.305,79.049,79.047,78.961,78.757,87.24,92.95,94.012,94.255,94.499,95.457,95.928,98.969,97.386,98.899,91.736,97.821,100,100
전국,김치,44.082,46.666,53.497,58.953,60.373,60.383,60.461,63.011,68.134,72.302,80.655,85.048,84.349,83.898,90.56,93.213,91.515,91.815,100,102.02
전국,냉동식품,53.114,57.597,59.673,66.479,69.543,72.324,78.119,82.368,82.767,88.94,93.143,93.76,94.352,99.156,98.978,95.543,96.874,99.244,100,101.26
전국,즉석식품,61.43,64.781,68.287,67.001,67.246,67.313,67.112,66.632,68.619,79.898,84.52,88.082,87.969,88.702,88.147,89.537,93.26,97.235,100,105.2
전국,커피,58.486,61.351,62.451,66.209,72.107,76.834,83.88,90.809,93.305,98.56,102.774,103.955,102.978,104.659,105.097,99.259,100.116,100.767,100,100.78
전국,차,77.085,78.268,79.246,80.191,80.8,81.428,87.154,89.72,89.942,92.864,97.408,97.564,99.532,101.392,98.74,99.301,97.834,98.266,100,96.53
전국,주스,62.29,62.51,65.147,66.288,66.581,71.779,81.082,89.81,93.236,102.297,106.903,107.338,106.137,104.896,103.903,103.108,101.674,101.516,100,102.11
전국,두유,45.438,49.337,51.676,57.249,59.615,60.426,69.144,78.884,79.089,79.207,81.652,87.458,88.183,88.292,87.943,90.252,96.194,99.234,100,105.36
전국,생수,74.876,74.682,74.558,74.726,74.832,78.93,79.714,80.605,79.814,85.447,90.775,90.135,90.238,90.766,90.688,90.809,94.57,99.412,100,99.94
전국,기능성음료,68.628,70.207,70.486,72.751,73.672,73.666,74.09,83.304,87.135,89.008,89.78,90.296,90.573,96.209,98.663,98.411,98.895,99.303,100,100.94
전국,탄산음료,41.015,43.144,45.429,48.247,49.514,51.246,55.391,60.759,63.388,69.411,74.473,78.843,84.33,90.371,89.952,94.172,94.475,95.432,100,105.22
전국,기타음료,58.038,57.636,58.547,59.979,60.584,62.028,65.236,70.543,74.699,78.503,81.174,86.849,89.532,90.634,91.973,92.828,95.289,100.123,100,103.81
전국,소주,59.894,63.581,67.878,69.342,69.539,71.995,73.526,78.53,77.98,76.453,76.252,82.194,82.222,83.022,88.332,93.292,94.108,97.525,100,100.58
전국,과실주,95.622,95.895,96.16,96.779,98.045,98.037,98.586,97.005,98.505,98.127,97.207,103.016,101.251,101.949,101.144,97.245,99.184,100.048,100,98.26
전국,맥주,76.628,80.907,81.012,82.192,79.583,79.042,81.001,83.884,86.046,86.104,87.832,90.798,91.179,91.757,92.454,98.195,98.591,99.758,100,100.17
전국,막걸리,85.577,85.42,85.347,85.289,86.683,90.925,91.678,92.446,91.758,92.263,91.589,92.408,92.437,93.099,94.783,97.503,98.982,99.431,100,112.75
전국,양주,77.697,77.937,78.481,79.114,80.828,82.219,84.783,86.984,89.639,91.813,92.203,96.59,97.026,99.08,99.09,99.43,100.749,101.235,100,99.61
전국,약주,71.718,71.519,73.651,74.857,74.657,75.799,76.511,82.15,84.519,85.583,86.031,90.478,91.749,91.348,90.827,91.158,91.505,95.067,100,100.49
전국,건강기능식품,97.854,97.854,97.854,97.854,97.854,97.854,97.854,97.854,97.047,97.047,97.047,101.55,103.801,107.372,107.798,106.132,101.863,100.893,100,98.59
전국,내구재,92.319,91.583,90.87,90.096,88.924,88.083,93.113,98.842,100.988,100.996,99.524,99.398,99.027,98.513,99.406,99.985,99.799,99.764,100,100
전국,장롱,49.11,52.691,54.834,58.754,60.394,63.791,66.9,71.86,74.514,80.377,83.11,79.471,80.418,81.724,87.737,89.426,95.427,100.13,100,100.69
전국,침대,48.152,52.492,55.63,58.979,60.38,64.331,67.697,70.858,72.81,75.669,77.636,77.636,78.281,78.604,81.729,84.792,90.441,100,100,106.62
전국,거실장,49.586,52.391,55.038,58.479,59.966,63.192,67.091,73.09,74.503,79.445,81.756,81.001,85.078,86.178,88.803,90.642,95.093,98.312,100,103.61
전국,소파,57.329,62.582,62.892,65.644,66.464,68.297,72.87,79.697,80.874,83.751,84.795,79.176,75.733,80.016,86.826,92.734,96.556,100.87,100,99.41
전국,책상,52.978,54.734,57.267,60.497,61.782,64.263,67.616,71.144,71.144,75.876,77.121,75.51,77.939,81.951,84.711,88.327,96.068,98.256,100,105.31
전국,의자,69.54,75.295,75.543,75.704,75.079,74.682,74.638,80.322,85.495,91.65,96.901,102.37,101.136,105.593,105.252,96.675,95.876,98.783,100,102.06
전국,식탁,46.634,50.954,51.051,53.358,55.097,57.214,60.683,68.404,70.45,75.446,77.989,76.583,76.808,81.735,86.365,91.497,96.073,98.523,100,101.14
전국,싱크대,57.449,57.487,57.535,57.602,61.466,66.098,69.89,75.598,73.918,76.067,78.993,81.379,83.76,83.957,87.286,88.544,91.708,97.374,100,111.01
전국,전기밥솥,143.335,140.714,132.686,129.912,126.773,119.618,116.76,126.762,127.747,126.576,125.245,126.625,116.93,115.969,117.67,111.426,122.375,108.795,100,99.31
전국,가스레인지,86.36,86.182,86.275,97.699,97.74,96.503,99.271,103.952,105.083,103.891,103.7,108.377,115.824,110.968,117.815,105.116,107.058,101.54,100,106.69
전국,전자레인지,97.037,95.732,95.968,96.727,95.768,95.736,91.73,94.47,95.502,96.934,98.201,96.465,95.114,95.467,99.256,98.095,98.944,100.516,100,96.02
전국,냉장고,94.65,95.09,92.941,90.462,94.298,93.341,91.932,91.449,90.899,90.073,91.595,94.911,103.473,106.964,105.058,100.843,98.561,99.311,100,101.06
전국,김치냉장고,142.34,147.609,140.262,131.547,117.617,115.338,110.208,109.332,102.914,106.311,102.441,98.378,106.41,111.291,106.894,102.786,101.053,103.068,100,102.39
전국,에어컨,94.977,89.247,84.701,80.897,80.715,80.149,88.992,91.163,87.858,87.243,87.44,86.945,88.749,90.708,92.871,98.238,99.732,101.699,100,98.26
전국,선풍기,72.34,66.06,61.516,61.641,61.877,62.986,65.874,82.045,85.97,93.879,102.216,103.593,105.093,109.085,109.988,98.22,93.483,97.632,100,98.05
전국,세탁기,119.76,106.703,95.706,84.601,81.985,80.864,80.878,81.816,81.352,82.578,83.987,84.419,87.128,93.689,95.91,99.112,99.905,100.621,100,91.53
전국,청소기,118.595,117.665,105.594,97.151,85.446,83.494,88.764,90.893,87.818,85.059,85.511,83.764,87.292,92.872,100.362,99.298,97.75,97.537,100,98.53
전국,소형주방가전,118.502,120.479,118.822,117.983,117.088,115.958,132.718,138.056,137.564,137.954,136.669,137.439,137.552,133.897,130.866,129.887,125.802,112.417,100,101
전국,보일러,84.052,83.066,82.61,82.229,84.593,86.306,91.541,92.301,91.852,94.178,96.62,96.739,96.654,96.394,96.304,96.556,96.968,97.437,100,108.23
전국,소형승용차,90.589,92.552,90.933,91.756,95.336,95.649,96.544,96.453,96.651,98.23,98.887,100.158,100.207,98.889,100.729,101.365,101.304,100.546,100,100.86
전국,중형승용차,94.604,96.21,92.746,93.125,95.841,97.23,98.471,98.339,101.031,100.635,101.102,102.177,101.958,101.377,99.109,99.558,100.101,97.95,100,99.92
전국,대형승용차,96.56,98.148,94.86,94.601,98.133,98.401,99.441,98.685,100.04,101.699,100.528,100.823,99.967,97.793,97.051,100.049,100.155,99.586,100,101.79
전국,경승용차,79.336,79.576,80.065,82.053,85.936,87.187,83.851,84.199,85.866,89.96,91.679,93.729,93.664,96.609,94.457,98.695,98.819,99.956,100,101.14
전국,다목적승용차,97.67,98.716,96.019,96.129,98.468,98.588,98.7,99.581,102.136,103.328,103.237,104.659,103.736,103.074,103.228,102.858,101.598,99.867,100,102.02
전국,자전거,55.036,54.303,53.797,54.558,55.045,56.896,69.845,84.722,80.839,82.927,89.772,91.429,94.46,97.092,96.674,95.007,98.466,97.169,100,110.14
전국,휴대전화기,586.087,380.908,301.898,234.629,178.866,137.238,127.404,121.421,118.028,113.474,108.95,105.685,102.27,96.926,97.199,98.76,99.769,99.113,100,92.71
전국,TV,939.796,808.046,694.827,604.463,477.476,377.186,334.571,305.456,262.237,251.201,206.798,197.274,177.844,157.692,143.824,131.35,117.371,108.932,100,97.82
전국,영상음향기기,176.682,169.25,166.494,164.988,156.506,141.344,127.171,128.436,119.614,104.591,99.587,107.25,106.139,106.5,106.873,104.06,101.287,100.088,100,97.71
전국,컴퓨터,361.536,325.856,310.735,279.038,219.497,180.926,161.769,167.512,137.997,127.278,114.81,110.189,104.448,103.264,105.218,106.467,104.829,101.978,100,98.61
전국,악기,73.737,77.441,80.974,81.033,80.904,81.316,81.552,89.465,91.504,90.909,95.304,95.717,94.081,93.335,92.492,95.151,98.202,99.677,100,100.64
전국,면도기,83.383,83.521,83.762,84.563,85.036,84.796,85.275,88.403,85.676,87.048,89.889,91.333,91.913,98.293,104.888,106.786,106.622,103.965,100,97.51
전국,헤어드라이어,99.908,98.635,100.289,100.642,98.21,97.891,97.061,99.929,101.111,101.937,106.621,108.735,113.576,120.828,126.212,126.316,116.082,108.142,100,96.28
전국,손목시계,95.919,95.707,95.644,95.534,95.565,95.279,94.96,95.613,96.17,96.042,93.717,93.604,95.107,96.246,96.964,96.836,96.775,96.775,100,104.84
전국,섬유제품,66.735,68.625,68.25,68.667,70.664,72.633,74.441,78.474,81.048,83.952,87.883,90.939,94.594,95.805,97.346,98.434,99.333,99.299,100,100.42
전국,남자외의,64.097,64.837,60.416,62.863,69.475,71.56,72.136,74.023,76.711,79.352,84.025,88.508,92.272,96.22,97.654,98.119,99.159,99.694,100,100.88
전국,남자상의,71.973,72.253,72.568,73.283,76.44,79.078,80.47,83.968,88.368,90.79,92.005,94.044,97.798,97.494,99.463,100.458,98.989,99.906,100,100.07
전국,남자하의,69.22,69.22,69.22,69.22,69.22,70.016,72.67,76.258,79.373,82.019,86.486,88.527,92.567,96.788,98.448,98.65,99.366,99.829,100,100.17
전국,남자내의,64.311,65.022,65.526,65.385,64.716,64.786,66.197,75.522,81.64,92.551,96.665,97.723,98.052,98.615,99.016,98.98,98.966,99.408,100,100.56
전국,여자외의,61.079,63.722,64.308,64.371,65.197,67.43,69.661,74.351,78.21,79.958,82.943,85.036,90.596,90.979,94.789,95.748,97.798,97.78,100,99.99
전국,원피스,72.744,74.613,72.924,70.452,73.763,76.346,79.07,81.02,80.654,84.015,89.436,91.222,92.277,94.869,95.813,97.654,100.541,100,100,98.85
전국,여자상의,70.713,74.282,76.066,76.066,76.066,76.066,80.636,84.192,84.981,88.167,90.814,92.869,98.166,99.92,101.515,102.355,100.846,100,100,100
전국,여자하의,71.237,71.388,66.396,64.617,69.153,71.555,73.241,77.458,78.002,78.041,80.955,84.274,90.905,92.139,95.283,97.003,96.519,96.513,100,101.37
전국,여자내의,79.366,80.733,80.091,79.486,79.029,78.823,79.413,84.184,86.051,87.156,90.124,91.424,92.945,94.544,96.858,96.986,98.839,99.586,100,100.06
전국,점퍼,62.216,65.46,63.166,64.679,68.528,72.302,73.44,75.963,79.3,82.814,84.094,86.336,92.302,93.994,94.027,94.307,95.506,98.775,100,101.17
전국,티셔츠,60.419,62.269,62.269,64.14,66.577,69.949,72.407,78.177,81.501,82.928,87.505,89.677,92.421,94.362,95.639,96.425,96.438,96.762,100,101.65
전국,스웨터,63.022,68.283,71.961,72.834,75.085,78.732,80.073,80.734,82.886,87.25,89.739,89.752,89.77,90.755,95.141,95.208,95.208,96.007,100,101.61
전국,청바지,72.767,72.767,72.767,73.131,74.227,74.227,74.885,77.092,78.249,78.562,82.072,91.795,92.451,95.73,95.73,95.73,95.73,98.313,100,100
전국,운동복,57.23,57.906,57.059,57.524,59.59,61.273,61.843,64.532,68.875,73.39,79.809,86.673,93.335,96.826,96.652,98.826,99.604,100.103,100,100.01
전국,유아동복,67.219,71.966,76.321,76.4,71.148,71.078,74.286,77.877,80.831,84.294,89.74,94.349,96.541,97.712,99.64,103.026,103.436,101.963,100,98.99
전국,양말,88.231,89.206,89.679,89.999,90.029,89.894,89.602,91.274,92.857,95.875,98.506,99.158,100.193,100.417,99.825,99.925,99.535,99.507,100,100.15
전국,모자,77.601,82.291,82.479,82.05,82.05,82.05,88.121,91.157,91.157,91.157,91.157,91.157,91.157,93.922,99.451,99.963,104.182,101.813,100,101.33
전국,장갑,55.063,55.417,56.654,56.803,56.732,57.357,58.488,64.073,65.895,86.538,93.836,94.756,94.963,96.319,97.229,97.263,97.722,100.141,100,101.77
전국,침구,76.699,76.264,73.791,69.6,69.559,70.806,75.536,82.162,84.056,90.264,92.604,92.948,91.75,91.464,92.795,93.962,94.963,96.744,100,101.13
전국,커튼,95.824,95.647,94.684,94.24,94.711,94.907,94.656,95.481,96.313,102.269,103.688,104.112,105.197,104.243,102.002,100.648,100.655,100.296,100,100.58
전국,출판물,64.13,66.53,68.643,69.828,71.719,74.291,77.311,80.134,82.59,85.068,87.826,90.551,92.96,96.134,96.711,98.38,99.414,100.881,100,100.49
전국,초등학교학습서,43.752,48.503,49.367,50.993,51.644,54.178,57.647,64.381,68.598,74.296,76.668,77.671,79.98,86.986,88.343,91.743,95.856,98.506,100,100.61
전국,중학교학습서,57.259,62.392,63.705,64.76,69.158,70.712,71.813,80.528,81.864,83.324,85.463,89.629,93.451,93.923,93.923,93.923,95.232,99.774,100,100
전국,고등학교학습서,66.804,78.187,81.312,81.907,86.631,87.334,89.443,89.976,89.511,90.98,91.137,91.119,91.119,91.216,92.789,94.256,95.986,98.609,100,101.25
전국,대학교재,79.897,82.405,83.246,85.007,87.973,89.249,89.405,91.105,91.445,91.445,91.445,91.445,91.445,94.639,96.869,96.869,97.18,98.733,100,99.69
전국,서적,64.962,65.666,65.761,66.145,67.919,72.147,74.032,74.496,78.218,80.616,84.863,89.734,94.402,97.647,97.647,99.884,100.293,100.515,100,100.56
전국,신문,69.959,73.504,73.248,72.993,72.993,72.993,85.36,90.001,90.001,90.001,90.001,90.001,90.001,90.001,90.001,90.001,95.001,100,100,100
전국,석유류,77.178,81.762,89.057,96.278,102.56,105.585,125.755,112.429,122.808,139.573,144.696,139.93,133.931,108.258,99.475,107.152,114.432,107.925,100,115.23
전국,취사용LPG,47.311,52.944,57.228,61.536,68.018,72.542,96.122,83.891,97.064,108.524,112.583,111.435,113.444,96.208,90.882,98.65,103.573,100.823,100,113.4
전국,등유,64.191,74.075,87.422,100.341,107.389,108.075,142.277,111.644,123.546,152.203,158.99,156.405,149.928,110.702,91.646,99.066,108.816,111.507,100,109.74
전국,부탄가스,52.282,53.4,55.164,57.959,63.441,63.257,73.768,81.622,85.307,95.871,103.272,104.327,104.152,104.332,102.66,103.222,101.79,100.916,100,106.64
전국,휘발유,90.075,92.014,96.91,101.893,106.105,108.907,121.525,114.171,123.304,138.278,143.29,138.741,132.076,109.182,101.548,108.069,114.509,106.327,100,114.83
전국,경유,56.01,64.068,74.707,88.664,100.833,105.171,133.351,115.995,126.108,145.439,151.358,144.681,137.307,109.142,99.322,107.827,116.789,112.242,100,116.44
전국,자동차용LPG,57.369,71.229,84.631,90.595,94.188,97.457,126.773,104.615,120.156,135.879,139.373,135.525,133.17,102.029,92.788,104.605,110.591,101.934,100,117.97
전국,의약품,88.813,89.706,89.948,90.895,92.069,93.077,94.258,96.144,97.477,99.817,97.409,95.986,95.933,96.899,96.784,96.484,96.577,98.436,100,100.24
전국,감기약,61.69,64.056,65.01,65.863,66.22,68.904,76.148,77.581,77.927,80.238,82.291,84.03,85.52,89.697,92.235,93.325,96.389,99.259,100,100.13
전국,진통제,43.994,51.302,53.543,56.497,60.32,67.818,71.918,73.41,74.021,74.873,75.638,77.367,79.664,80.76,86.663,89.148,89.388,92.128,100,106.23
전국,소화제,52.687,53.222,53.391,55.642,59.077,59.921,61.071,65.989,67.753,71.402,75.784,78.014,80.572,83.897,84.511,84.836,85.35,93.218,100,100.9
전국,위장약,69.8,69.433,69.162,69.487,70.153,70.309,73.123,75.775,77.83,79.173,81.278,83.187,85.517,88.435,89.859,91.442,93.544,96.153,100,101.51
전국,소염진통제,76.392,74.634,73.043,72.453,72.199,71.879,72.048,73.848,76.396,78.739,83.428,86.079,88.679,90.209,91.218,93.616,96.655,98.601,100,101.38
전국,피부질환제,74.044,75.209,73.666,73.137,74.88,78.932,80.93,81.058,80.839,82.179,85.889,87.198,88.414,88.877,89.387,90.039,91.041,97.19,100,100.5
전국,조제약,128.499,127.741,127.894,127.989,129.172,129.781,128.277,128.501,129.184,127.989,114.732,108.022,105.883,105.967,104.639,103.304,102.038,100.771,100,99.32
전국,비타민제,64.698,69.304,70.834,71.092,71.371,75.321,79.544,81.718,86.305,88.958,93.901,99.255,100.215,100.444,100.262,100.273,99.81,99.62,100,101.77
전국,화장품,82.41,80.961,78.883,78.195,81.277,84.463,87.141,92.055,93.442,94.508,96.09,98.237,102.284,103.762,102.526,100.265,98.801,99.059,100,102.03
전국,샴푸,94.649,93.357,97.067,99.049,103.266,110.858,113.797,127.314,130.098,129.914,132.54,124.058,124.032,122.503,112.299,95.594,97.444,102.278,100,101.56
전국,기초화장품,80.615,79.031,76.161,75.176,79.441,81.069,82.116,87.409,89.305,90.913,93.035,94.115,97.776,99.302,99.101,99.706,98.916,99.82,100,99.87
전국,색조화장품,65.976,65.281,63.646,62.594,68.186,80.529,83.81,85.083,85.845,85.995,89.476,89.479,91.958,94.838,95.072,97.838,97.556,100.033,100,101.88
전국,모발염색약,133.479,130.371,126.842,127.751,128.05,127.315,124.547,124.984,123.92,123.351,124.327,119.114,106.527,114.616,114.74,101.973,97.403,96.579,100,100.9
전국,기타,64.483,65.938,66.818,72.382,72.823,73.811,75.766,78.69,79.028,81.629,84.204,84.757,86.28,97.516,98.385,98.439,98.63,99.06,100,99.53
전국,담배,42.463,42.931,42.931,54.618,54.618,54.618,54.618,54.618,54.618,55.31,56.355,56.409,56.304,100,100,100,100,100,100,100
전국,아동화,67.837,73.724,81.484,82.91,82.91,82.91,88.643,89.79,88.306,91.875,93.95,93.95,93.95,93.95,93.95,93.31,94.091,97.538,100,100
전국,구두,55.387,60.05,63.429,64.939,65.145,68.17,71.157,73.051,74.394,78.714,82.524,82.507,85.143,85.925,89.745,90.903,95.623,97.204,100,104.2
전국,운동화,86.286,87.96,87.305,86.742,87.429,86.128,86.799,89.409,87.971,88.147,94.302,92.049,95.29,96.855,99.323,99.993,100,100,100,100
전국,실내화,69.409,69.622,69.745,70.144,69.91,69.705,72.102,87.532,91.493,95.703,97.45,98.07,98.281,98.835,99.565,99.318,99.773,100.007,100,101.78
전국,주택수선재료,65.742,66.612,69.694,74.314,75.248,75.261,80.32,85.287,85.063,87.225,90.96,92.504,93.904,94.022,93.855,94.171,97.095,99.251,100,105.19
전국,식기,58.386,61.925,60.421,60.212,61,66.276,71.728,70.239,69.186,68.863,74.599,76.273,76.966,85.243,86.63,90.787,93.27,95.877,100,99.29
전국,컵,81.414,87.44,85.563,84.743,85.485,92.186,98.661,97.143,95.998,95.67,100.736,100.426,101.459,111.277,110.394,105.612,103.073,101.686,100,97.11
전국,솥,72.437,72.689,73.651,76.186,76.059,78.694,83.272,84.79,84.6,88.625,91.248,91.742,95.691,96.872,93.664,95.431,96.096,97.147,100,102.17
전국,프라이팬,83.181,84.806,87.257,89.714,90.888,95.224,101.504,107.38,110.225,110.794,109.334,109.055,108.909,106.56,107.093,106.132,103.066,101.054,100,101.34
전국,냄비,79.397,79.023,81.091,82.152,81.713,85.423,89.9,92.816,94.211,95.868,98.89,100.566,101.819,101.714,102.656,101.497,100.983,100.161,100,105.63
전국,수저,64.954,64.679,71.391,75.151,76.203,81.038,86.618,88.315,88.421,90.079,92.187,93.489,95.326,96.122,96.92,96.476,97.303,98.877,100,100.05
전국,밀폐용기,55.033,54.881,56.953,63.871,64.526,66.442,69.167,74.842,72.35,78.862,85.313,86.341,92.535,101.826,103.038,98.58,103.768,101.648,100,97.45
전국,건전지,64.943,67.075,69.84,72.333,73.533,75.956,76.233,79.848,82.157,83.492,84.739,85.313,85.744,87.783,91.126,94.413,95.248,97.407,100,101.75
전국,세탁세제,100.625,103.072,106.603,105.188,101.007,112.262,120.089,123.517,118.994,124.874,126.573,115.361,116.133,115.465,105.355,103.436,101.178,100.62,100,98.67
전국,섬유유연제,76.771,77.884,80.552,86.275,89.863,96.038,106.261,118.604,109.341,120.25,124.65,110.718,112.862,123.343,117.199,109.861,108.687,106.769,100,102.18
전국,전구,86.888,86.78,88.458,89.011,89.137,89.212,89.805,90.517,90.999,95.701,107.607,108.204,106.245,108.929,109.176,104.349,101.96,100.645,100,99.29
전국,부엌용세제,70.429,72.263,76.916,78.871,78.956,79.153,81.795,89.661,90.713,93.525,99.587,100.192,100.391,102.165,104.098,103.724,98.76,98.945,100,99.47
전국,살충제,60.849,62.925,65.392,68.449,68.763,68.477,70.075,73.851,75.551,81.746,87.815,89.649,91.178,93.046,90.886,94.733,96.099,93.928,100,106.22
전국,가정용비닐용품,47.265,49.798,50.024,52.772,56.927,58.316,62.554,64.73,67.116,73.068,76.649,78.583,81.474,82.819,82.596,83.375,87.161,96.757,100,104.54
전국,습기제거제,78.707,82.322,82.548,76.82,77.87,75.63,77.178,84.303,85.904,93.427,95.767,97.132,94.348,99.809,105.553,110.034,109.809,101.783,100,101.91
전국,종이기저귀,74.108,74,77.425,81.134,84.9,85.285,86.353,87.915,88.442,91.965,92.532,93.053,94.713,98.197,97.465,96.028,91.713,93.438,100,103.82
전국,생리대,71.877,73.482,71.482,71.384,70.837,72.794,74.799,80.205,81.437,86.832,92.906,98.463,101.25,101.46,100.413,100.003,99.374,99.056,100,100.49
전국,안경,100.407,101.357,102.048,102.257,101.285,101.005,100.826,101.03,101.004,101.316,101.25,101.746,101.422,101.724,101.688,101.438,101.371,100.411,100,99.42
전국,콘택트렌즈,107.634,107.999,107.479,107.625,107.517,107.481,107.688,107.786,107.706,107.849,106.88,105.702,105.626,105.533,104.868,103.886,102.477,99.94,100,97.03
전국,자동차타이어,78.688,79.04,79.908,80.103,82.88,86.699,96.125,98.995,102.525,115.051,115.615,114.534,113.585,111.147,108.834,108.874,103.065,100.877,100,104.91
전국,저장장치,260.132,258.027,258.338,255.519,255.37,251.049,251.028,274.189,243.447,181.054,171.466,158.693,134.04,126.598,134.452,151.151,116.102,94.95,100,97.2
전국,장난감,83.483,83.142,82.723,84.328,85.114,85.859,86.063,92.204,93.3,92.771,91.892,90.889,91.766,93.864,98.056,98.775,99.485,99.384,100,99.19
전국,레저용품,69.798,71,70.989,70.646,72.771,74.678,74.919,76.249,76.525,81.589,85.563,90.471,92.72,94.569,97.93,98.44,95.412,95.404,100,100.4
전국,운동용품,105.551,104.789,102.831,100.341,97.907,96.611,96.285,101.52,103.084,102.895,102.429,101.353,100.497,99.314,101.369,97.719,99.062,92.14,100,93.39
전국,반려동물용품,59.557,59.587,61.23,62.908,62.646,62.557,66.992,79.997,82.022,87.332,90.543,92.96,96.482,97.655,99.972,100.604,98.416,97.784,100,101.23
전국,종이문구,70.396,70.857,70.207,69.781,69.531,69.002,71.468,83.172,85.145,91.516,93.064,93.178,96.259,96.284,96.014,95.37,96.532,98.675,100,101.02
전국,필기구,63.183,63.407,63.973,64.035,64.083,64.179,69.616,80.58,81.051,90.79,93.917,94.393,96.331,98.701,99.825,101.024,101.465,102.34,100,99.24
전국,회화용구,67.864,67.68,67.492,67.223,67.173,66.988,68.539,75.567,77.444,81.4,85.583,86.207,88.93,91.684,91.8,91.886,92.04,96.055,100,100.81
전국,칫솔,82.261,83.194,84.35,87.624,85.696,85.251,84.981,87.091,86.981,86.612,89.402,88.266,85.449,97.67,96.284,98.885,97.964,97.069,100,100.36
전국,치약,60.781,65.433,64.883,71.334,77.005,78.783,84.686,86.957,87.015,86.66,85.68,81.732,91.295,96.773,98.973,91.592,93.322,95.151,100,90.53
전국,비누,62.03,65.341,70.634,74.283,76.815,77.13,83.055,94.687,97.157,102.89,114.031,115.872,112.963,111.424,108.41,106.241,102.254,102.058,100,101.13
전국,화장지,70.965,71.331,73.326,75.169,77.261,79.591,86.725,93.722,97.297,102.494,105.674,105.83,103.967,103.015,102.747,97.53,95.586,97.636,100,101.39
전국,가방,54.178,55.798,52.41,53.701,55.652,57.178,57.853,58.028,58.803,60.057,64.791,73.083,78.429,90.181,93.79,94.763,96.223,99.758,100,97.7
전국,핸드백,67.927,70.867,68.899,71.489,72.406,72.406,74.539,75.879,76.219,80.728,82.919,81.748,91.2,94.106,95.998,97.454,99.808,100.487,100,98.29
전국,우산,83.926,83.345,83.184,82.533,82.168,81.927,82.973,87.003,90.434,94.346,97.857,100.143,101.095,101.529,101.189,100.539,100.689,100.553,100,99.92
전국,상수도료,66.055,72.441,75.503,78.266,80.732,83.856,86.549,86.705,86.868,88.569,91.434,92.544,93.299,95.175,97.744,99.196,100.466,100.373,100,101.19
전국,전기료,109.757,106.158,103.4,102.549,104.087,104.498,104.498,104.498,105.388,107.495,109.692,113.808,116.362,114.408,109.694,102.772,99.765,100,100,99.49
전국,도시가스,67.708,71.261,73.494,76.86,88.029,92.3,98.858,105.32,109.663,119.43,128.549,136.487,145.236,122.234,101.057,104.574,100.068,103.591,100,94.64
전국,집세,72.364,74.95,76.133,75.962,76.266,77.646,79.406,80.647,82.16,85.412,89.014,91.383,93.527,95.907,97.694,99.271,99.885,99.783,100,101.38
전국,집세,72.364,74.95,76.133,75.962,76.266,77.646,79.406,80.647,82.16,85.412,89.014,91.383,93.527,95.907,97.694,99.271,99.885,99.783,100,101.38
전국,전세,65.33,68.227,69.663,69.711,70.216,71.791,73.592,74.858,76.444,79.973,83.918,86.57,89.192,92.425,95.357,98.103,99.513,99.693,100,101.92
전국,월세,87.549,88.636,88.791,87.836,87.558,88.312,89.82,90.947,92.177,94.604,97.224,98.834,99.779,100.073,100.444,100.582,100.302,99.884,100,100.73
전국,공공서비스,79.433,81.431,83.459,86.126,89.119,91.838,94.092,95.936,97.092,96.672,97.19,97.844,98.576,99.782,101.24,102.223,102.433,101.942,100,100.96
전국,공공서비스,79.433,81.431,83.459,86.126,89.119,91.838,94.092,95.936,97.092,96.672,97.19,97.844,98.576,99.782,101.24,102.223,102.433,101.942,100,100.96
전국,하수도료,22.692,25.474,29.051,32.437,35.536,37.331,40.359,40.814,41.987,43.754,50.325,53.835,60.092,65.991,77.195,86.754,93.3,97.434,100,105.9
전국,쓰레기봉투료,69.598,72.29,76,77.326,79.033,81.367,84.834,84.983,85.917,85.917,85.83,85.919,86.731,88.915,93.751,97.573,98.975,99.473,100,102.54
전국,정화조청소료,74.986,75.598,76.507,77.266,77.904,78.631,79.062,81.072,82.919,84.709,87.281,88.837,89.552,90.832,92.061,93.025,95.357,97.37,100,101.9
전국,한방진료비,52.402,53.571,55.035,56.674,58.652,59.961,64.779,72.713,78.437,82.045,85.104,87.395,89.787,92.03,94.092,96.871,99.659,98.597,100,102.86
전국,치과진료비,76.236,78.977,81.342,82.605,84.512,87.644,90.659,93.853,95.244,96.68,98.093,95.8,93.574,93.79,95.609,97.483,98.188,97.164,100,101.11
전국,도로통행료,86.214,88.083,93.169,94.186,97.899,98.236,95.818,95.598,95.598,95.861,98.753,98.753,98.753,98.753,102.812,102.742,101.422,101.214,100,98.36
전국,열차료,77.688,79.859,86.306,85.451,86.377,94.595,96.047,96.047,96.047,96.279,98.833,98.833,98.833,102.934,102.934,101.227,100,100,100,100
전국,도시철도료,45.91,51.004,57.336,66.261,66.956,73.35,75.205,75.205,75.205,75.506,84.139,85.774,86.125,92.653,98.156,99.67,100,100,100,100
전국,시내버스료,47.797,53.709,57.018,63.037,64.077,70.962,72.343,72.343,72.637,75.422,82.328,84.298,85.814,89.846,94.282,95.156,94.939,96.14,100,100.62
전국,시외버스료,62.472,63.741,67.282,70.823,73.113,77.693,78.614,81.375,82.983,85.209,85.209,89.032,89.85,89.855,89.855,89.843,89.765,98.294,100,100
전국,택시료,53.295,54.341,54.341,56.237,62.016,62.662,63.089,70.524,73.745,73.745,73.745,80.322,85.499,85.499,85.499,85.867,86.624,97.396,100,100.05
전국,국제항공료,67.779,71.118,75.686,82.082,86.945,88.457,99.005,87.862,96.793,107.175,110.795,107.483,104.974,94.025,92.864,95.653,100.791,99.557,100,110.02
전국,우편료,60.709,60.709,61.494,65.421,66.075,69.347,69.347,69.347,69.347,70.595,74.34,77.611,82.19,82.19,82.19,87.785,89.644,96.548,100,103.33
전국,유선전화료,104.13,99.926,98.59,98.028,98.028,98.028,98.028,98.028,98.028,98.028,98.028,98.028,99.197,99.786,99.935,99.925,99.925,99.925,100,100.12
전국,휴대전화료,133.722,126.06,124.18,120.929,120.929,118.954,116.817,116.777,115.105,112.726,108.792,108.792,108.792,108.792,108.792,108.795,107.085,103.559,100,101.23
전국,인터넷이용료,99.92,99.92,99.92,99.92,99.92,99.92,99.92,99.92,99.92,99.92,99.92,99.92,99.92,99.92,99.92,99.92,99.92,99.987,100,100
전국,방송수신료,94.532,96.701,96.84,96.747,96.747,97.295,97.674,98.915,99.504,100.093,100.892,100.467,100.515,100.52,100.398,99.858,99.877,99.952,100,99.08
전국,유치원납입금,69.786,75.205,81.419,88.085,95.565,104.381,113.278,119.98,126.965,131.23,119.659,92.576,92.079,99.184,101.9,102.998,104.913,104.762,100,92.25
전국,전문대학납입금,65.908,70.754,76.162,81.241,86.657,93.006,99.994,103.528,104.597,105.277,101.898,100.494,100.265,100.236,100.234,100.238,100.303,100.316,100,100.28
전국,국공립대학교납입금,64.695,71.528,79.597,86.14,92.428,100.346,108.881,111.192,112.15,112.561,104.954,102.93,102.554,102.391,102.22,101.898,101.014,100.773,100,100.33
전국,사립대학교납입금,69.157,74.077,79.049,83.224,88.53,94.757,101.56,103.134,104.265,106.473,103.931,102.846,102.462,102.346,102.332,102.274,101.854,101.389,100,99.7
전국,국공립대학원납입금,61.868,66.361,70.782,74.73,81.441,88.625,95.996,97.254,98.258,98.554,98.401,98.356,98.312,98.304,98.54,98.657,98.95,99.507,100,100.22
전국,사립대학원납입금,56.816,62.432,68.564,75.32,79.551,84.712,90.298,91.843,93.362,95.51,95.575,96.056,96.987,97.608,98.085,98.575,99.105,99.548,100,100.17
전국,보육시설이용료,107.38,112.523,118.855,131.119,139.851,151.827,162.47,170.37,174.697,181.526,130.921,96.337,97.904,103.843,108.355,108.39,107.06,102.838,100,99.49
전국,행정수수료,72.888,75.071,75.771,76.376,78.445,78.445,92.449,93.722,96.089,96.089,96.484,100,100,100,100,100,100,100,100,100
전국,개인서비스,62.119,64.884,67.562,69.702,71.799,74.053,77.521,79.687,81.431,84.457,85.346,86.703,88.169,89.857,92.304,94.63,97.019,98.814,100,102.55
전국,외식,63.503,65.859,68.403,70.065,71.414,72.762,76.254,79.185,81.002,84.464,85.402,86.709,87.958,90.014,92.302,94.53,97.41,99.223,100,102.81
전국,김치찌개백반,61.913,64.018,65.993,66.406,66.904,67.629,71.386,74.855,77.134,82.283,84.129,85.932,87.878,89.122,90.264,92.449,95.142,98.319,100,103
전국,된장찌개백반,61.72,63.712,66.074,66.533,67.393,67.853,71.236,74.751,76.691,82.028,84.573,86.301,87.803,89.075,90.295,92.228,95.29,98.694,100,102.47
전국,비빔밥,64.671,66.536,68.411,68.837,69.927,70.638,73.632,75.514,77.926,82.518,84.784,86.909,88.195,89.876,91.259,92.833,96.082,99.259,100,102.97
전국,설렁탕,58.381,61.289,62.445,63.311,64.826,66.968,69.411,71.765,74.499,80.428,82.259,83.504,84.959,87.529,89.089,92.031,96.117,98.706,100,103.52
전국,갈비탕,51.787,54.345,55.833,57.699,59.402,60.671,63.421,65.787,68.566,72.794,74.208,76.52,78.804,82.144,85.467,89.268,94.631,97.479,100,105.56
전국,삼계탕,59.175,60.338,62.242,64.865,66.401,67.779,71.607,76.938,79.784,83.713,85.986,87.572,89.281,91.123,92.29,94.127,96.897,99.339,100,101.61
전국,불고기,61.448,63.204,65.835,68.224,71.414,73.262,74.808,76.946,79.521,83.888,84.518,85.474,86.793,88.517,91.81,93.642,95.956,98.343,100,103.35
전국,쇠고기(외식),52.289,55.787,61.048,64.415,68.205,70.185,72.568,75.037,79.483,82.669,83.782,84.344,85.624,86.785,90.323,92.386,95.266,97.418,100,104.55
전국,돼지갈비(외식),51.507,53.832,57.587,60.975,62.661,63.423,66.12,70.362,73.324,83.272,84.842,85.525,87.198,89.452,91.362,93.527,97.075,99.217,100,102.44
전국,삼겹살(외식),47.582,50.443,54.544,57.592,59.08,60.179,64.162,69.619,72.028,82.73,84.442,84.861,86.423,89.116,91.241,93.606,96.666,98.66,100,102.42
전국,냉면,61.521,63.81,64.343,65.017,65.873,66.485,69.367,71.068,72.742,78.561,81.495,83.676,85.661,87.968,89.315,91.393,95.143,98.446,100,102.84
전국,칼국수,59.166,61.3,63.178,63.414,65.021,66.337,72.267,74.64,76.611,81.878,83.722,85.772,87.177,88.207,89.933,92.023,95.551,98.193,100,102.6
전국,생선초밥,72.857,76.193,78.65,79.033,80.028,80.482,81.503,83.558,85.226,87.108,88.02,89.735,90.715,91.643,93.706,94.977,96.879,99.106,100,103.09
전국,생선회(외식),69.552,70.558,72.488,71.711,71.95,73.032,74.22,76.892,84.231,87.599,88.687,90.074,90.42,90.855,94.744,97.037,100.875,100.041,100,105.7
전국,자장면,53.786,59.413,60.809,61.066,61.87,64.18,72.575,73.847,74.768,79.995,80.943,82.353,83.397,85.703,88.108,90.933,94.982,98.589,100,103.07
전국,짬뽕,52.502,57.159,58.474,59.033,59.934,61.759,68.893,70.212,70.971,76.086,77.293,79.619,81.467,83.876,86.54,90.003,94.687,98.484,100,103.02
전국,탕수육,65.023,66.09,66.567,67.056,67.749,69.084,72.755,74.286,75.209,83.017,84.803,86.215,87.562,89.429,91.137,93.231,96.148,98.896,100,101.98
전국,볶음밥,57.707,61.526,63.143,63.873,64.395,66.045,72.342,73.992,74.981,79.824,80.912,82.629,84.089,85.918,88.459,91.64,95.364,98.282,100,103.92
전국,돈가스,68.339,69.659,70.487,71.007,72.522,73.954,76.995,79.539,80.481,86.637,88.091,89.018,89.758,90.362,92.297,93.945,96.416,99.307,100,102.31
전국,스테이크,65.245,66.754,68.354,70.098,71.015,72.674,75.724,78.422,79.883,82.845,85.301,87.169,88.214,89.815,92.239,93.996,95.667,97.967,100,103.11
전국,라면(외식),51.767,52.634,53.72,53.765,54.352,56.041,64.467,67.675,69.258,72.905,75.635,78.166,81.166,84.033,86.979,90.666,94.464,98.127,100,103.19
전국,김밥,52.139,51.941,51.393,51.115,51.166,51.553,60.266,64.334,66.073,69.041,70.466,72.71,75.365,77.321,80.979,87.258,92.191,97.251,100,104.78
전국,치킨,58.637,60.5,64.296,67.311,69.105,70.94,76.695,82.427,84.531,85.115,87.123,88.969,89.687,90.215,90.529,91.326,93.831,98.667,100,102.96
전국,햄버거,66.274,69.43,78.897,78.897,78.897,79.62,82.269,87.463,88.052,93.168,93.701,89.299,90.806,93.518,93.733,94.78,98.859,101.23,100,103.64
전국,피자,70.093,71.135,75.713,75.713,75.713,77.082,85.657,90.174,91.438,92.962,95.728,95.728,98.836,99.119,99.119,99.119,100.324,100.725,100,98.91
전국,커피(외식),68.723,71.144,72.712,74.028,75.94,78.445,81.079,83.3,85.535,87.559,89.739,92.277,93.368,95.673,96.046,96.766,97.364,99.848,100,99.81
전국,기타음료(외식),79.874,82.305,83.616,84.78,86.787,88.794,91.069,93.754,94.326,95.804,97.062,97.759,98.552,99.25,99.176,99.407,99.425,99.569,100,100.21
전국,소주(외식),68.816,71.534,72.608,72.668,73.007,73.649,73.764,73.825,74.678,75.002,75.06,77.257,78.701,81.589,91.156,95.918,98.258,99.307,100,100.76
전국,맥주(외식),69.687,71.46,72.191,72.633,73.383,74.339,75.344,76.887,78.249,79.521,81.314,86.169,88.74,90.442,92.523,94.861,96.651,98.94,100,100.81
전국,구내식당식사비,53.356,54.697,56.864,59.427,61.709,63.64,66.725,69.904,71.855,75.712,78.817,81.02,82.564,86.796,88.995,91.455,94.656,97.51,100,104.09
전국,외식제외,61.335,64.325,67.069,69.476,72.024,74.838,78.271,79.979,81.675,84.465,85.302,86.688,88.291,89.751,92.304,94.698,96.756,98.539,100,102.36
전국,의복수선료,70.56,72.154,74.083,75.659,76.252,76.636,78.61,81.655,82.959,84.294,85.939,87.315,89.208,90.855,91.842,93.93,95.79,98.396,100,101.29
전국,세탁료,73.868,76.525,77.635,78.502,79.529,80.51,84.52,87.235,87.482,88.984,90.776,91.261,91.773,92.181,93.042,94.596,96.145,97.822,100,102.23
전국,설비수리비,49.876,53.983,57.372,59.135,60.071,60.825,62.481,63.88,64.364,68.3,71.909,74.765,76.92,80.394,82.663,87.524,92.492,97.031,100,104.85
전국,공동주택관리비,46.81,49.065,52.13,54.176,56.405,58.68,61.758,63.505,64.783,66.7,69.594,74.339,76.638,79.621,82.584,86.787,90.766,95.115,100,105.3
전국,가전제품수리비,49.564,49.564,53.964,56.157,59.452,66.04,66.04,66.04,66.04,66.04,66.04,66.04,71.819,76.174,82.36,87.645,93.938,95.805,100,104.09
전국,가사도우미료,42.758,46.537,50.482,51.597,52.131,56.769,59.353,60.264,65.46,69.137,74.086,75.661,78.11,81.234,82.736,85.706,94.024,98.037,100,101.85
전국,치과보철료,84.471,87.507,90.127,91.527,93.64,97.11,100.451,103.99,105.53,107.122,108.688,106.147,103.68,103.92,103.337,102.859,101.254,99.152,100,100.72
전국,엔진오일교체료,48.586,48.955,53.111,55.382,57.856,59.374,68.434,75.172,76.654,81.483,83.826,85.06,86.887,88.184,88.547,90.034,94.653,97.771,100,105
전국,세차료,41.893,45.452,47.013,47.69,49.173,50.592,53.541,55.465,58.295,61.759,65.786,69.489,73.22,77.284,81.279,85.195,90.613,96.33,100,104.87
전국,자동차학원비,42.335,42.974,43.658,42.618,42.302,46.528,52.936,52.904,53.001,52.537,55.143,57.569,58.158,60.443,63.405,82.122,91.763,97.418,100,100.81
전국,주차료,86.389,86.495,86.135,87.218,88.083,88.338,88.156,88.455,88.839,90.942,91.298,94.327,95.558,95.979,98.168,99.857,100.12,101.515,100,100.51
전국,승용차임차료,74.166,72.476,71.996,71.978,73.639,73.442,74.293,83.762,91.05,91.171,95.847,110.581,110.489,110.34,110.35,110.152,109.911,110.028,100,98.15
전국,자동차검사료,70.761,91.701,91.701,91.701,91.701,91.701,91.701,91.701,91.701,91.701,91.701,91.701,91.701,91.701,95.159,100,100,100,100,100
전국,국내항공료,73.759,73.886,77.541,80.588,80.139,80.427,88.521,81.696,83.355,90.024,94.551,99.421,99.835,93.031,91.108,95.661,99.889,101.038,100,101.96
전국,이삿짐운송료,59.302,59.387,57.529,55.881,56.766,58.126,60.044,60.975,62.99,69.72,74.283,78.158,83.045,87.914,90.694,92.785,95.831,98.064,100,105.88
전국,택배이용료,111.206,109.616,102.767,99.187,96.872,92.268,90.202,89.954,89.078,89.189,89.052,93.735,97.389,97.417,97.855,97.241,97.136,98.618,100,105
전국,수영장이용료,68.602,70.453,71.91,73.611,75.261,75.911,77.39,80.021,82.271,84.225,85.707,86.829,90.083,91.338,93.593,94.337,95.789,98.877,100,101.15
전국,볼링장이용료,56.388,60.259,62.962,64.667,65.837,67.679,70.718,72.814,74.317,77.735,80.288,83.484,87.248,89.877,92.079,95.096,97.952,99.909,100,99.9
전국,헬스클럽이용료,82.521,83.571,83.101,83.786,83.471,83.855,85.615,86.829,88.351,91.01,93.493,94.955,95.82,95.762,96.435,97.184,97.314,99.029,100,99.52
전국,골프연습장이용료,93.929,98.456,99.911,100.239,100.548,103.247,104.967,106.546,107.973,107.217,107.191,106.469,104.001,102.965,101.858,100.371,99.68,99.729,100,100.77
전국,골프장이용료,62.295,63.763,66.335,68.192,70.362,74.216,77.119,72.857,74.382,85.667,86.207,87.126,89.426,90.236,92.001,93.672,95.434,97.593,100,104.02
전국,당구장이용료,81.676,84.256,84.645,86.805,86.393,87.174,89.51,90.436,90.755,91.375,92.093,93.38,93.781,95.168,96.471,97.441,99.417,99.926,100,100.01
전국,노래방이용료,66.398,67.632,69.382,71.329,71.787,72.856,74.236,80.929,83.902,87.125,88.319,90.779,93.284,94.571,95.543,96.958,98.035,99.212,100,101.63
전국,PC방이용료,100.788,101.224,100.597,97.675,94.103,93.175,91.441,92.263,91.572,91.724,93.196,95.324,96.528,95.311,92.793,93.906,99.391,101.119,100,100.96
전국,놀이시설이용료,61.943,70.084,72.904,73.631,75.508,77.484,80.442,82.546,83.945,84.099,84.631,86.374,88.794,89.666,92.095,93.961,97.179,99.75,100,101.9
전국,운동경기관람료,53.665,55.467,59.468,61.263,62.033,64.142,69.95,72.717,76.331,80.007,80.569,82.951,85.438,88.73,91.935,94.082,96.354,97.531,100,102.26
전국,영화관람료,63.8,64.843,65.453,65.723,66.304,67.372,67.997,72.379,77.098,77.58,77.801,78.702,83.777,85.462,87.74,88.453,94.999,97.437,100,116.48
전국,독서실비,75.416,79.115,80.372,82.484,85.068,87.028,88.636,90.155,90.871,92.052,93.567,95.334,96.049,96.569,96.944,97.812,98.977,99.607,100,99.59
전국,사진서비스료,63.644,64.224,64.915,64.218,64.913,66.369,68.729,73.925,77.207,80.134,84.033,85.389,87.063,89.276,90.951,93.487,95.393,97.888,100,102.27
전국,국내단체여행비,85.876,92.672,90.209,89.304,90.793,89.379,90.577,92.52,97.746,100.011,104.277,105.82,105.023,97.888,98.49,100.663,100.868,98.999,100,105.16
전국,해외단체여행비,71.464,72.311,78.29,91.534,92.9,92.213,104.512,96.035,98.607,106.282,109.44,113.163,113.193,106.956,110.195,107.362,108.24,106.503,100,99.19
전국,초등학생학원비,57.862,59.057,61.08,62.583,64.408,68.054,72.481,75.511,79.159,82.26,86.065,89.056,91.574,93.048,94.983,95.957,97.544,98.534,100,101.32
전국,고등학생학원비,48.932,52.113,54.536,56.802,60.436,64.131,68.329,70.255,72.626,76.16,80.755,84.947,87.557,89.867,92.507,94.559,96.651,98.436,100,101.09
전국,음악학원비,56.398,58.983,60.875,62.64,64.848,68.158,70.972,73.044,75.045,77.603,81.559,84.334,85.969,87.671,90.38,93.201,96.004,97.658,100,103.39
전국,미술학원비,54.988,59.491,61.883,62.502,64.476,67.185,70.154,72.258,74.973,78.684,82.294,84.706,87.015,89.136,91.673,93.777,95.767,98.006,100,102.47
전국,운동학원비,53.313,56.142,58.665,60.966,63.303,65.489,68.909,70.215,72.455,75.631,77.757,79.97,83.181,86.122,88.959,91.591,94.73,97.672,100,103.08
전국,전산학원비,60.025,61.805,63.46,64.852,66.355,67.133,69.479,71.241,75.278,78.961,82.814,88.056,90.88,93.236,94.614,94.81,96.223,97.518,100,101.29
전국,가정학습지,78.326,79.262,84.805,85.956,85.956,92.496,93.091,93.091,93.091,93.82,94.766,96.371,96.231,95.129,96.66,96.709,97.091,100,100,99.73
전국,학교보충교육비,83.259,83.252,85.436,88.053,90.76,92.249,93.776,94.524,95.192,94.145,94.338,94.36,95.136,95.385,95.414,97.29,98.696,99.703,100,97.88
전국,취업학원비,54.021,57.406,60.628,63.512,66.062,68.919,73.412,77.438,79.677,81.835,85.121,88.173,89.967,92.37,92.229,94.499,98.034,97.044,100,101.73
전국,외국어학원비,55.841,58.315,60.195,61.881,63.979,67.774,71.404,74.693,77.589,81.494,84.286,86.887,89.317,90.835,92.507,94.003,96.231,98.068,100,101.66
전국,운동강습료,75.194,76.261,77.223,77.087,78.192,79.213,81.609,83.209,83.363,85.052,87.311,88.98,91.664,93.073,94.679,95.628,96.873,99.085,100,100.19
전국,호텔숙박료,96.357,95.757,88.494,85.105,84.814,79.616,78.503,76.666,81.239,85.178,95.28,99.228,100.12,101.667,102.123,106.885,108.912,106.51,100,99.82
전국,여관숙박료,87.59,88.552,88.342,87.3,86.718,87.445,88.958,91.453,93.701,96.169,98.519,99.776,100.696,101.465,101.509,101.575,101.28,101.43,100,98.39
전국,콘도이용료,45.415,47.056,47.416,50.01,50.698,54.86,57.407,62.537,66.454,76.234,81.734,82.154,81.754,84.607,85.626,87.658,101.207,102.291,100,99.86
전국,학교기숙사비,55.799,58.468,61.457,63.903,66.89,70.079,73.423,77.278,80.321,83.99,85.578,87.509,90.179,92.172,93.479,94.84,96.371,98.054,100,101.51
전국,목욕료,52.172,54.559,54.79,54.628,55.866,57.928,63.785,68.383,71.109,75.21,78.966,82.013,85.632,87.294,88.608,90.929,94.735,97.653,100,101.13
전국,이발료,81.877,82.898,82.288,81.932,81.864,81.884,82.99,83.912,85.169,87.375,89.463,90.846,92.399,93.721,94.8,95.291,97.415,98.897,100,101.08
전국,미용료,58.825,61.52,62.398,62.123,61.989,63.034,66.765,70.58,72.83,78.205,81.967,85.2,89.075,91.08,92.21,93.593,96.566,98.669,100,101.15
전국,산후조리원이용료,60.809,62.266,66.495,69.13,72.87,80.227,82.9,82.393,83.886,89.619,91.849,91.919,91.398,92.559,93.829,94.921,96.88,98.627,100,101.97
전국,자동차보험료,71.681,70.727,75.516,77.616,86.975,93.571,96.954,94.031,91.479,92.538,90.755,90.137,90.137,90.137,92.327,92.401,91.702,95.559,100,100.35
전국,금융수수료,125.49,147.203,153.336,153.336,153.336,146.564,145.21,134.169,134.169,128.277,100.09,100.09,100.09,100.09,100.09,100.023,100.01,100.023,100,100
전국,대입전형료,117.86,117.703,116.906,114.023,114.375,115.942,127.141,123.873,123.603,124.087,121.738,118.971,116.774,116.252,114.729,114.798,100.36,99.884,100,100.25
전국,시험응시료,64.583,66.439,67.636,71.736,73.947,77.923,80.057,81.492,79.88,79.794,83.454,84.034,88.662,90.891,93.389,94.619,95.037,96.735,100,103.5
